{
  "k": 4,
  "per_cluster": {
    "0": {
      "n": 344,
      "acc": 0.3546511627906977,
      "f1": 0.5236051502145923
    },
    "1": {
      "n": 142,
      "acc": 0.6971830985915493,
      "f1": 0.8215767634854771
    },
    "2": {
      "n": 134,
      "acc": 0.9328358208955224,
      "f1": 0.9652509652509652
    },
    "3": {
      "n": 1173,
      "acc": 0.7382779198635976,
      "f1": 0.8494359980382541
    }
  }
}