{
  "k": 3,
  "per_cluster": {
    "0": {
      "n": 133,
      "acc": 1.0,
      "f1": 0.0
    },
    "1": {
      "n": 112,
      "acc": 0.9910714285714286,
      "f1": 0.0
    },
    "2": {
      "n": 51,
      "acc": 0.9019607843137255,
      "f1": 0.0
    }
  }
}