{
  "k": 3,
  "per_cluster": {
    "0": {
      "n": 146,
      "acc": 0.2534246575342466,
      "f1": 0.40437158469945356
    },
    "1": {
      "n": 543,
      "acc": 0.6003683241252302,
      "f1": 0.7502876869965478
    },
    "2": {
      "n": 42,
      "acc": 0.47619047619047616,
      "f1": 0.6451612903225806
    }
  }
}