{
  "k": 3,
  "per_cluster": {
    "0": {
      "n": 247,
      "acc": 0.2793522267206478,
      "f1": 0.43670886075949367
    },
    "1": {
      "n": 797,
      "acc": 0.5671267252195734,
      "f1": 0.7237790232185749
    },
    "2": {
      "n": 122,
      "acc": 0.5409836065573771,
      "f1": 0.7021276595744681
    }
  }
}