{
  "k": 3,
  "per_cluster": {
    "0": {
      "n": 1727,
      "acc": 0.6334684423856398,
      "f1": 0.7756114852889047
    },
    "1": {
      "n": 247,
      "acc": 0.8906882591093117,
      "f1": 0.9421841541755889
    },
    "2": {
      "n": 979,
      "acc": 0.6527068437180796,
      "f1": 0.7898640296662547
    }
  }
}