{
  "run_name": "simple_cnn_aug",
  "arch": "simple_cnn",
  "pretrained": false,
  "unfreeze_last": 0,
  "use_qualifai_aug": true,
  "timestamp": "20251203_014101",
  "n_splits": 5,
  "folds": {
    "1": {
      "acc": 0.9733495521397766,
      "auc": 0.9941080036904533,
      "f1": 0.9302460202604921
    },
    "2": {
      "acc": 0.9718013933429172,
      "auc": 0.9947512776996281,
      "f1": 0.9231233041905336
    },
    "3": {
      "acc": 0.9628441888753733,
      "auc": 0.9912341417402618,
      "f1": 0.8995215311004785
    },
    "4": {
      "acc": 0.9709135147091351,
      "auc": 0.9940749604568582,
      "f1": 0.9233459632760128
    },
    "5": {
      "acc": 0.9732360097323601,
      "auc": 0.9951161325331814,
      "f1": 0.9290322580645162
    }
  },
  "aggregate": {
    "mean": {
      "acc": 0.9704289317599125,
      "auc": 0.9938569032240766,
      "f1": 0.9210538153784066
    },
    "std": {
      "acc": 0.003900166822143577,
      "auc": 0.0013693094871059636,
      "f1": 0.011147449667464754
    }
  }
}