{
  "run_name": "simple_cnn_noaug",
  "arch": "simple_cnn",
  "pretrained": false,
  "unfreeze_last": 0,
  "use_qualifai_aug": false,
  "timestamp": "20251203_015923",
  "n_splits": 5,
  "folds": {
    "1": {
      "acc": 0.9723543071989385,
      "auc": 0.9953159875255948,
      "f1": 0.9250149970005999
    },
    "2": {
      "acc": 0.9709167311732833,
      "auc": 0.9930177074146019,
      "f1": 0.9240981240981241
    },
    "3": {
      "acc": 0.9653875926130708,
      "auc": 0.9904713549432981,
      "f1": 0.904602255409936
    },
    "4": {
      "acc": 0.9714664897146649,
      "auc": 0.9949143390737059,
      "f1": 0.9228007181328546
    },
    "5": {
      "acc": 0.9729042247290423,
      "auc": 0.9950848613045611,
      "f1": 0.9276218611521418
    }
  },
  "aggregate": {
    "mean": {
      "acc": 0.9706058690857999,
      "auc": 0.9937608500523524,
      "f1": 0.9208275911587313
    },
    "std": {
      "acc": 0.002698413865529142,
      "auc": 0.0018371191758607258,
      "f1": 0.008264957451223508
    }
  }
}